q,scheme,online_seconds,commit_seconds,setup_seconds,verify_seconds,proof_bytes,peak_resident_bytes,verified
1,lamp,25.156273542,7.627051375,151.180708500,0.190484375,59776,3712450560,true
1,zkmatrix,60.955299749,1.671127208,15.815320959,0.011151625,5444,1185677312,true
2,lamp,46.944820041,12.671855666,285.822346666,0.224595750,61952,3915677696,true
2,zkmatrix,67.414351293,3.685071959,16.839630000,0.013517958,6472,1299693568,true
3,lamp,56.920271875,16.242944459,401.618129542,0.185928708,61120,7207321600,true
3,zkmatrix,72.866724042,5.451835834,18.555498292,0.015839708,7500,1354481664,true
4,lamp,87.100829792,20.207838625,570.334022917,0.172365791,61056,6974914560,true
4,zkmatrix,72.977400291,6.061702208,15.611416792,0.019184958,8528,1876705280,true
10,lamp,248.079089458,44.872034083,1502.883062085,0.231985416,60544,15078031360,true
10,zkmatrix,85.001333168,17.006160376,17.274345834,0.031451416,14696,3607724032,true
