binary_sha256,circuit_constraints,compile_s_max,compile_s_mean,compile_s_median,compile_s_min,compile_s_n,compile_s_sd,config,distinct_queries_max,distinct_queries_mean,distinct_queries_median,distinct_queries_min,distinct_queries_n,distinct_queries_sd,matmul_s_max,matmul_s_mean,matmul_s_median,matmul_s_min,matmul_s_n,matmul_s_sd,matrix_commit_s_max,matrix_commit_s_mean,matrix_commit_s_median,matrix_commit_s_min,matrix_commit_s_n,matrix_commit_s_sd,n,online_prove_s_max,online_prove_s_mean,online_prove_s_median,online_prove_s_min,online_prove_s_n,online_prove_s_sd,precommitted_prove_s_max,precommitted_prove_s_mean,precommitted_prove_s_median,precommitted_prove_s_min,precommitted_prove_s_n,precommitted_prove_s_sd,process_count,process_peak_rss_kib_max,process_peak_rss_kib_mean,process_peak_rss_kib_median,process_peak_rss_kib_min,process_peak_rss_kib_n,process_peak_rss_kib_sd,proof_bytes_max,proof_bytes_mean,proof_bytes_median,proof_bytes_min,proof_bytes_n,proof_bytes_sd,proofs_per_process,protocol_path,q,repetitions,rho,scheme,setup_s_max,setup_s_mean,setup_s_median,setup_s_min,setup_s_n,setup_s_sd,setup_srs_bytes_compressed_point_sum,source_tree_sha256,statement_bytes_max,statement_bytes_mean,statement_bytes_median,statement_bytes_min,statement_bytes_n,statement_bytes_sd,verify_s_max,verify_s_mean,verify_s_median,verify_s_min,verify_s_n,verify_s_sd
90a5f28484de5938c87d1070b130376acd0b53cd39e4689f9897213f109f7346,167065,0.273518041,0.2674269543,0.26631525,0.263113417,10,0.0040642330252902885,official_batch_q1_q10_local,186,179.4,180.0,171,10,4.501851470969102,0.008583875,0.0078661626,0.007858354500000001,0.007232625,10,0.0004786318419272907,0.222572292,0.1822406336,0.175771438,0.16186175,10,0.019245719284885228,128,2.4580639570000002,2.1098553203999995,2.108230208,1.9231232079999998,10,0.14527754944920648,2.260211082,1.9276146867999995,1.9116362904999986,1.761261458,10,0.13730372912900296,10,491856,475492.8,472496.0,469312,10,7543.641513810747,24640,24377.6,24448.0,24064,10,201.1451659319154,1.0,batch,1,10,1/2,lamp,18.754639708,17.6149418501,17.6807151455,16.305652459,10,0.723280535275203,,c34bd62bee6f07a879d7e4b48d8b9c17e0ca48c34e796425e2bec93ed74e6f93,64,64,64.0,64,10,0.0,0.177334917,0.1685296876,0.16697843750000002,0.165469792,10,0.003698780217855528
f62eeeec5f1fb01c13f821ab05813f6bb6dcf5b377e86f485ff44797f4e51f8c,,,,,,,,official_batch_q1_q10_local,,,,,,,0.05498,0.0520837875,0.051564333500000004,0.05103375,10,0.0012258217665457685,0.044104958,0.0385678124,0.0369987915,0.036260917,10,0.0029399630415912147,128,1.327120083,1.1271067581,1.1076110835000001,1.051983999,10,0.07927921289674604,1.286364,1.0885389457,1.0712399585,1.015017833,10,0.07770085967927792,1,31184,31184,31184,31184,1,,4100,4100,4100.0,4100,10,0.0,10.0,batch,1,10,n/a,independent_zkmatrix_optimized_bn254,0.28722,0.28722,0.28722,0.28722,1,,1065280,c34bd62bee6f07a879d7e4b48d8b9c17e0ca48c34e796425e2bec93ed74e6f93,112,112,112.0,112,10,0.0,0.008879375,0.0087163666,0.008710520999999999,0.008505042,10,0.00011122018874606826
90a5f28484de5938c87d1070b130376acd0b53cd39e4689f9897213f109f7346,328126,0.550457042,0.516701946,0.5109287295,0.499841584,10,0.015034057255573753,official_batch_q1_q10_local,189,180.6,180.5,172,10,5.966573556070519,0.0181685,0.0156073127,0.0155902295,0.01384775,10,0.001497083619735165,0.324752416,0.2916028499,0.292165396,0.269254583,10,0.017560741701776964,128,4.469770667000006,3.8183513957000024,3.7874776039999993,3.5176542080000033,10,0.2879261266800614,4.176239459000006,3.5267485458000025,3.5052467499999995,3.229707457999999,10,0.28236593980261443,10,977152,923472,928720.0,826848,10,53990.17760873011,24832,24275.2,24256.0,23744,10,372.02054901428346,1.0,batch,2,10,1/2,lamp,36.498500541,34.7542405791,34.948142646,32.221829,10,1.3952741409897103,,c34bd62bee6f07a879d7e4b48d8b9c17e0ca48c34e796425e2bec93ed74e6f93,64,64,64.0,64,10,0.0,0.179244458,0.1688139539,0.1678178535,0.165338291,10,0.0040618722665475985
f62eeeec5f1fb01c13f821ab05813f6bb6dcf5b377e86f485ff44797f4e51f8c,,,,,,,,official_batch_q1_q10_local,,,,,,,0.108364959,0.1047680792,0.104469229,0.103287625,10,0.0013627305281798338,0.083839958,0.0763479084,0.073852187,0.072702583,10,0.004539698939743111,128,1.278421167,1.1942786751,1.1656762285000002,1.124579125,10,0.06842253066759774,1.196081125,1.1179307667,1.0921226665000001,1.0518765419999998,10,0.06461497137885418,1,34624,34624,34624,34624,1,,4936,4936,4936.0,4936,10,0.0,10.0,batch,2,10,n/a,independent_zkmatrix_optimized_bn254,0.257162417,0.257162417,0.257162417,0.257162417,1,,1065280,c34bd62bee6f07a879d7e4b48d8b9c17e0ca48c34e796425e2bec93ed74e6f93,224,224,224.0,224,10,0.0,0.0139585,0.0107943709,0.010474562,0.010275375,10,0.0011195252290143603
90a5f28484de5938c87d1070b130376acd0b53cd39e4689f9897213f109f7346,489187,0.829765709,0.7623353043,0.751625875,0.7474735,10,0.024981042262652797,official_batch_q1_q10_local,183,178,178.5,172,10,3.2998316455372216,0.034114791,0.0236043001,0.0224108545,0.021109458,10,0.003800088397356521,0.485118541,0.39524996219999997,0.3886512915,0.372086375,10,0.03290835842161107,128,5.918137877000007,5.2562212750000015,5.215230229500001,4.866069999000004,10,0.3096149909097598,5.545898127000006,4.860971312800001,4.834131334000001,4.483293416000004,10,0.3057780330477383,10,1306400,1260198.4,1260824.0,1192208,10,28723.771909537074,24640,24384,24384.0,24064,10,204.62214499467603,1.0,batch,3,10,1/2,lamp,52.690474499000004,49.920772696,49.855787584,47.797310248,10,1.8003565029575266,,c34bd62bee6f07a879d7e4b48d8b9c17e0ca48c34e796425e2bec93ed74e6f93,64,64,64.0,64,10,0.0,0.236417625,0.1743672874,0.16690362450000001,0.165818959,10,0.021895043602139914
f62eeeec5f1fb01c13f821ab05813f6bb6dcf5b377e86f485ff44797f4e51f8c,,,,,,,,official_batch_q1_q10_local,,,,,,,0.159218541,0.1571246832,0.1568907085,0.155542166,10,0.0009981052094086137,0.142884458,0.1279440667,0.1245459795,0.122532707,10,0.006648017138845805,128,1.605581958,1.3938100125,1.357144625,1.330012166,10,0.08858590776850814,1.4626975,1.2658659458,1.2333594795000002,1.202702416,10,0.08307908789323216,1,38160,38160,38160,38160,1,,5772,5772,5772.0,5772,10,0.0,10.0,batch,3,10,n/a,independent_zkmatrix_optimized_bn254,0.327393208,0.327393208,0.327393208,0.327393208,1,,1065280,c34bd62bee6f07a879d7e4b48d8b9c17e0ca48c34e796425e2bec93ed74e6f93,336,336,336.0,336,10,0.0,0.014778458,0.0125635124,0.012293208,0.012148834,10,0.0007939043208790897
90a5f28484de5938c87d1070b130376acd0b53cd39e4689f9897213f109f7346,650248,1.025963209,1.0040275585,1.0033241045,0.987783167,10,0.010205598447764289,official_batch_q1_q10_local,188,180,181.0,172,10,4.69041575982343,0.031965167,0.0303528252,0.0303153125,0.029284334,10,0.0008522952006150877,0.533779375,0.4914939083,0.494027562,0.441258167,10,0.02666124274594584,128,8.054380374000004,7.422648570799997,7.409709708499996,6.921569959999999,10,0.2975705149553722,7.562133416000004,6.931154662499997,6.9293990630000035,6.422117751999999,10,0.2940127641841439,10,1874512,1783180.8,1866720.0,1524608,10,132923.4516527798,24448,24236.8,24256.0,23936,10,168.11424686801533,1.0,batch,4,10,1/2,lamp,73.82143325000001,69.2452504624,70.216144062,64.099160209,10,3.222074838895578,,c34bd62bee6f07a879d7e4b48d8b9c17e0ca48c34e796425e2bec93ed74e6f93,64,64,64.0,64,10,0.0,0.169752334,0.1682450082,0.168100812,0.1663945,10,0.00114677911710522
f62eeeec5f1fb01c13f821ab05813f6bb6dcf5b377e86f485ff44797f4e51f8c,,,,,,,,official_batch_q1_q10_local,,,,,,,0.214017084,0.2112253375,0.2108121245,0.208383583,10,0.0017735584423462308,0.203912,0.1780651162,0.17410522750000001,0.165004249,10,0.012760745566206832,128,1.541805583,1.4734780412,1.4695408755,1.431734166,10,0.03059276843487113,1.3378935829999998,1.295412925,1.2894898125,1.264839083,10,0.023216334315289345,1,44160,44160,44160,44160,1,,6608,6608,6608.0,6608,10,0.0,10.0,batch,4,10,n/a,independent_zkmatrix_optimized_bn254,0.3339555,0.3339555,0.3339555,0.3339555,1,,1065280,c34bd62bee6f07a879d7e4b48d8b9c17e0ca48c34e796425e2bec93ed74e6f93,448,448,448.0,448,10,0.0,0.014897208,0.0143590499,0.0143200835,0.0140025,10,0.0002491964408486919
90a5f28484de5938c87d1070b130376acd0b53cd39e4689f9897213f109f7346,811309,1.263682875,1.2482676041,1.2419785,1.238541833,10,0.009936662088989422,official_batch_q1_q10_local,187,177.8,176.0,170,10,5.672545969648706,0.04497625,0.038211120700000004,0.036853354000000005,0.034899916,10,0.0033070777517915533,0.62622725,0.5802324667,0.58172525,0.53453175,10,0.027920113232849913,128,9.281224375999983,8.733806454199998,8.729218978499993,8.196038958000003,10,0.37499132104375266,8.679373875999984,8.153573987499998,8.160286270499995,7.569811708000002,10,0.3812033908590228,10,2188592,2118753.6,2157296.0,1769248,10,124985.08496545587,25024,24396.8,24320.0,23872,10,347.67443263937474,1.0,batch,5,10,1/2,lamp,89.02299041500001,84.9110273166,85.6424548335,79.50755595999999,10,3.1571563182890707,,c34bd62bee6f07a879d7e4b48d8b9c17e0ca48c34e796425e2bec93ed74e6f93,64,64,64.0,64,10,0.0,0.17142825,0.1678642252,0.167338813,0.1660605,10,0.001781052029492171
f62eeeec5f1fb01c13f821ab05813f6bb6dcf5b377e86f485ff44797f4e51f8c,,,,,,,,official_batch_q1_q10_local,,,,,,,0.290911,0.2720391911,0.2692868115,0.263754291,10,0.008794277187008925,0.267409458,0.2346880334,0.2296099795,0.210684375,10,0.020543747649194,128,2.015415498,1.6712584292,1.641011646,1.520706917,10,0.15207130126465232,1.748366666,1.4365703958,1.4095776455000002,1.305606083,10,0.13343282087416908,1,45872,45872,45872,45872,1,,7444,7444,7444.0,7444,10,0.0,10.0,batch,5,10,n/a,independent_zkmatrix_optimized_bn254,0.285345541,0.285345541,0.285345541,0.285345541,1,,1065280,c34bd62bee6f07a879d7e4b48d8b9c17e0ca48c34e796425e2bec93ed74e6f93,560,560,560.0,560,10,0.0,0.017520625,0.0162625583,0.016203979,0.015850708,10,0.0005126171855650943
90a5f28484de5938c87d1070b130376acd0b53cd39e4689f9897213f109f7346,972370,1.540614208,1.502067329,1.4953024375,1.4720855,10,0.024605812547880912,official_batch_q1_q10_local,190,181.5,183.5,166,10,7.153087911291645,0.145589042,0.0550507667,0.0452504375,0.042118167,10,0.03190590707529569,0.902099791,0.7491967456,0.731923188,0.618419333,10,0.10423128721619368,128,11.468418708999991,10.539846358200004,10.550891104000016,9.57353400000001,10,0.6062519573618455,10.581625791999992,9.790649612600003,9.78844312499999,8.822547166000009,10,0.5984331840462334,10,2526576,2380841.6,2453216.0,1971088,10,167707.85929718512,25088,24217.6,24032.0,23680,10,442.58312464690994,1.0,batch,6,10,1/2,lamp,104.190977917,99.3998101751,100.14633147999999,95.49047337600001,10,3.017713245728623,,c34bd62bee6f07a879d7e4b48d8b9c17e0ca48c34e796425e2bec93ed74e6f93,64,64,64.0,64,10,0.0,0.174228125,0.1694201876,0.170033271,0.164734459,10,0.0028300345522624614
f62eeeec5f1fb01c13f821ab05813f6bb6dcf5b377e86f485ff44797f4e51f8c,,,,,,,,official_batch_q1_q10_local,,,,,,,0.315718001,0.3141072332,0.3141847285,0.311980042,10,0.001185808377685292,0.258972417,0.2463906043,0.24543195950000002,0.238446332,10,0.0071205709718703694,128,1.604808209,1.5277898167,1.520746,1.47045204,10,0.04185995759463798,1.35277725,1.2813992124,1.2736724375,1.232005708,10,0.03693810720189802,1,50928,50928,50928,50928,1,,8280,8280,8280.0,8280,10,0.0,10.0,batch,6,10,n/a,independent_zkmatrix_optimized_bn254,0.309883875,0.309883875,0.309883875,0.309883875,1,,1065280,c34bd62bee6f07a879d7e4b48d8b9c17e0ca48c34e796425e2bec93ed74e6f93,672,672,672.0,672,10,0.0,0.01813125,0.017702425,0.017678771,0.017436833,10,0.00021048232185097638
90a5f28484de5938c87d1070b130376acd0b53cd39e4689f9897213f109f7346,1133431,1.830095875,1.7696235083,1.769374292,1.714160833,10,0.03414289433661272,official_batch_q1_q10_local,185,178.7,181.0,166,10,6.342975116877988,0.059968917,0.0528242334,0.052878167000000004,0.049449125,10,0.002987951382436141,0.889519542,0.7803482374,0.767507958,0.708315583,10,0.0557295821183501,128,15.349647668000017,14.239362204799997,14.505456709499995,11.835280501,10,1.0899395079744487,14.492616376000017,13.459013967399997,13.761558501499994,11.088109209999999,10,1.0706980271965416,10,3301824,2868526.4,2800072.0,2524320,10,258988.3223944877,24832,24281.6,24160.0,23808,10,319.57304850899635,1.0,batch,7,10,1/2,lamp,131.607639539,123.6575995076,123.277655458,119.997436624,10,3.508109699937672,,c34bd62bee6f07a879d7e4b48d8b9c17e0ca48c34e796425e2bec93ed74e6f93,64,64,64.0,64,10,0.0,0.172481958,0.1695445582,0.16984631249999999,0.165951625,10,0.002051359713086463
f62eeeec5f1fb01c13f821ab05813f6bb6dcf5b377e86f485ff44797f4e51f8c,,,,,,,,official_batch_q1_q10_local,,,,,,,0.396660042,0.370201571,0.36709497950000003,0.364046751,10,0.009821742710562189,0.34852521,0.2965079373,0.2778688955,0.273322791,10,0.031199050231354605,128,2.010887585,1.6792075249,1.6201542285000001,1.577805,10,0.14667074280026626,1.6623623749999998,1.3826995876,1.336108271,1.2855225829999999,10,0.13605852275814426,1,61584,61584,61584,61584,1,,9116,9116,9116.0,9116,10,0.0,10.0,batch,7,10,n/a,independent_zkmatrix_optimized_bn254,0.409033417,0.409033417,0.409033417,0.409033417,1,,1065280,c34bd62bee6f07a879d7e4b48d8b9c17e0ca48c34e796425e2bec93ed74e6f93,784,784,784.0,784,10,0.0,0.0197355,0.0195085584,0.0195375625,0.019231542,10,0.00016972586691171482
90a5f28484de5938c87d1070b130376acd0b53cd39e4689f9897213f109f7346,1294492,2.231938208,2.0524461792,1.9904786460000001,1.9639145839999999,10,0.10147848494945355,official_batch_q1_q10_local,183,178.7,178.5,173,10,3.7727090178455764,0.066340083,0.0594623335,0.058987375,0.055041334,10,0.003214407493097159,1.022171625,0.8760427333,0.8714190835,0.782501125,10,0.06914967097961883,128,17.521887292000002,15.5670153078,15.768137499500014,13.277244582999998,10,1.6080236558268062,16.724912667,14.6909725745,14.824732332500005,12.400018457999998,10,1.6473702655786795,10,3694416,3205860.8,3217240.0,2739104,10,386584.0042620606,24768,24384,24256.0,23936,10,292.5079296171112,1.0,batch,8,10,1/2,lamp,145.699502709,139.3221340376,137.828550729,134.407348791,10,4.272170305506199,,c34bd62bee6f07a879d7e4b48d8b9c17e0ca48c34e796425e2bec93ed74e6f93,64,64,64.0,64,10,0.0,0.25972975,0.1779508834,0.16899147949999999,0.166080958,10,0.02884496580723919
f62eeeec5f1fb01c13f821ab05813f6bb6dcf5b377e86f485ff44797f4e51f8c,,,,,,,,official_batch_q1_q10_local,,,,,,,0.430787918,0.42090030479999996,0.41924410599999995,0.416984875,10,0.004682252912361785,0.371544457,0.3369331417,0.3307115425,0.31403125,10,0.01970653021697525,128,1.842134835,1.7203217874,1.7117817505000001,1.634736918,10,0.05966855171118371,1.482515375,1.3833886457,1.3873552080000002,1.303253,10,0.050638619725819664,1,61104,61104,61104,61104,1,,9952,9952,9952.0,9952,10,0.0,10.0,batch,8,10,n/a,independent_zkmatrix_optimized_bn254,0.3310755,0.3310755,0.3310755,0.3310755,1,,1065280,c34bd62bee6f07a879d7e4b48d8b9c17e0ca48c34e796425e2bec93ed74e6f93,896,896,896.0,896,10,0.0,0.049738792,0.0241389333,0.0212910415,0.020916625,10,0.008998808767649046
90a5f28484de5938c87d1070b130376acd0b53cd39e4689f9897213f109f7346,1455553,2.376396792,2.2567616707,2.2391859375000003,2.218654375,10,0.04630499547808876,official_batch_q1_q10_local,184,178.3,179.5,170,10,4.900113377373131,0.098608292,0.0692178334,0.0654916045,0.062725167,10,0.01058702046121851,1.1982134580000001,0.9833534249,0.9660417085,0.869382417,10,0.09273855326879593,128,19.678017541000003,16.8142985289,16.802801603500015,14.492127917000005,10,1.698515625655226,18.808635124000002,15.830945104,15.848505479000016,13.293914459000005,10,1.7739211465520568,10,4038240,3397129.6,3331520.0,2839872,10,390307.10225872137,24768,24428.8,24352.0,24128,10,229.86604794967002,1.0,batch,9,10,1/2,lamp,161.015672208,154.3864334416,153.2647789375,150.25581516600002,10,3.435863493960265,,c34bd62bee6f07a879d7e4b48d8b9c17e0ca48c34e796425e2bec93ed74e6f93,64,64,64.0,64,10,0.0,0.172861166,0.1686563123,0.168472708,0.166350875,10,0.002078457377139169
f62eeeec5f1fb01c13f821ab05813f6bb6dcf5b377e86f485ff44797f4e51f8c,,,,,,,,official_batch_q1_q10_local,,,,,,,0.485478459,0.4731944426,0.472577085,0.46756846,10,0.004873308510740538,0.419851877,0.3844235625,0.38971085299999997,0.355635375,10,0.020998505050639844,128,1.958647543,1.8015464333,1.7877462505000001,1.727587207,10,0.06480057120440524,1.5387956660000002,1.4171228708,1.396656938,1.367749208,10,0.05242112990059799,1,70688,70688,70688,70688,1,,10788,10788,10788.0,10788,10,0.0,10.0,batch,9,10,n/a,independent_zkmatrix_optimized_bn254,0.301801833,0.301801833,0.301801833,0.301801833,1,,1065280,c34bd62bee6f07a879d7e4b48d8b9c17e0ca48c34e796425e2bec93ed74e6f93,1008,1008,1008.0,1008,10,0.0,0.023761125,0.0231034834,0.023051666999999998,0.022627209,10,0.00033021539493494946
90a5f28484de5938c87d1070b130376acd0b53cd39e4689f9897213f109f7346,1616614,2.869374625,2.60597335,2.5929763335000002,2.461928084,10,0.11374144885081292,official_batch_q1_q10_local,186,178.2,178.5,170,10,5.3499740393970345,0.093730833,0.0767554623,0.07380620800000001,0.069548375,10,0.007994376896295754,1.372637084,1.1300693586000001,1.0815187915,1.035555292,10,0.11153599011471567,128,22.179518417000025,19.235410987299996,19.3832259375,15.92992375099999,10,2.249631873324436,21.034527708000027,18.105341628699996,18.190685312,14.84893612599999,10,2.2220581677736444,10,4366832,3691508.8,3641392.0,2824336,10,505451.7069756736,24832,24320,24288.0,23744,10,314.98289195164585,1.0,batch,10,10,1/2,lamp,177.973984291,169.41966722909999,168.46448045850002,164.58435649899997,10,4.234515241363918,,c34bd62bee6f07a879d7e4b48d8b9c17e0ca48c34e796425e2bec93ed74e6f93,64,64,64.0,64,10,0.0,0.180979875,0.1706403083,0.16978337500000001,0.166436583,10,0.004439666953071574
f62eeeec5f1fb01c13f821ab05813f6bb6dcf5b377e86f485ff44797f4e51f8c,,,,,,,,official_batch_q1_q10_local,,,,,,,0.53012996,0.5227610799,0.5219591055,0.520202209,10,0.0029754910732915753,0.436087543,0.3861030796,0.37381056349999997,0.36793421,10,0.026941416968953562,128,2.151015876,1.7240343962,1.6594802715,1.636390876,10,0.1597911692925358,1.7149283330000002,1.3379313166,1.2765963335000001,1.267109167,10,0.1380987633625669,1,77904,77904,77904,77904,1,,11624,11624,11624.0,11624,10,0.0,10.0,batch,10,10,n/a,independent_zkmatrix_optimized_bn254,0.296670875,0.296670875,0.296670875,0.296670875,1,,1065280,c34bd62bee6f07a879d7e4b48d8b9c17e0ca48c34e796425e2bec93ed74e6f93,1120,1120,1120.0,1120,10,0.0,0.025636583,0.0251271416,0.02507475,0.024867042,10,0.0002341347620140543
084ae86ea1c59057a812fc93869018ef991136d2772af23746b2f511eecc5a80,107503,0.196059667,0.1798676164,0.179285187,0.172135667,10,0.006867490240538406,official_square_rho_1_4_local,163,158.1,158.0,154,10,3.1073389830457114,0.009831625,0.0080913876,0.0079239375,0.007097375,10,0.0008315754884227888,0.391885542,0.3340082083,0.3310346875,0.311420167,10,0.024178241447180948,128,1.8058013739999996,1.6058151666,1.5644600204999994,1.5223906670000016,10,0.09515171776997673,1.4722323739999996,1.2718069583,1.232358709,1.2076128750000013,10,0.08768280412621883,10,359760,303672,297112.0,283280,10,21106.161459525403,25664,25120,25152.0,24704,10,303.5786553761644,1.0,square,1,10,1/4,lamp,11.945219375,11.3447604999,11.3664281245,10.811173249,10,0.421779352200762,,c34bd62bee6f07a879d7e4b48d8b9c17e0ca48c34e796425e2bec93ed74e6f93,64,64,64.0,64,10,0.0,0.111603583,0.1052481375,0.104629917,0.103319875,10,0.0023930675433370394
084ae86ea1c59057a812fc93869018ef991136d2772af23746b2f511eecc5a80,95917,0.175508666,0.16327527079999998,0.1608696875,0.156267875,10,0.006033923350183637,official_square_rho_1_8_local,152,144.9,145.0,140,10,3.984692933938295,0.008093166,0.007326412500000001,0.007302020500000001,0.006840584,10,0.0003696857714619119,0.675721375,0.6169418792,0.614084354,0.57044675,10,0.0427477521134793,128,1.8257341240000002,1.7233658162999999,1.727191125,1.6290859999999991,10,0.07644353645457957,1.1670502510000007,1.1064239371,1.1113299375,1.0532358740000003,10,0.045114139304742694,10,299024,273099.2,262656.0,259616,10,15489.472932715733,32256,30713.6,30496.0,29568,10,733.1034791290457,1.0,square,1,10,1/8,lamp,10.403868541000001,9.5999987334,9.5408595835,8.959462416,10,0.4501745598512449,,c34bd62bee6f07a879d7e4b48d8b9c17e0ca48c34e796425e2bec93ed74e6f93,64,64,64.0,64,10,0.0,0.08848575,0.0867343415,0.08650762449999999,0.085785333,10,0.0008216860733154114
084ae86ea1c59057a812fc93869018ef991136d2772af23746b2f511eecc5a80,167065,0.27419125,0.266116454,0.26600647899999996,0.258559041,10,0.004597574404608683,official_squares_k7_k10_local,186,178.9,180.0,168,10,4.863697724525606,0.008711042,0.0077179208,0.0075394165,0.006811083,10,0.0005689900866654104,0.183027417,0.1652447667,0.1636702085,0.151128166,10,0.010380612815721814,128,2.2294232090000037,2.066239908300001,2.0634168749999997,1.936921833999996,10,0.1112640043605515,2.0683519590000037,1.900995141600001,1.8985468959999996,1.7779447509999962,10,0.10746238142679028,10,470192,464529.6,464352.0,459248,10,3975.0221019651085,24896,24288,24160.0,24000,10,291.3386727199501,1.0,square,1,10,1/2,lamp,18.563797543,17.7430637294,18.020937874,16.220123458,10,0.8705944842230101,,c34bd62bee6f07a879d7e4b48d8b9c17e0ca48c34e796425e2bec93ed74e6f93,64,64,64.0,64,10,0.0,0.170753917,0.1672394791,0.16693579149999999,0.165755875,10,0.0014795364621572442
f62eeeec5f1fb01c13f821ab05813f6bb6dcf5b377e86f485ff44797f4e51f8c,,,,,,,,official_squares_k7_k10_local,,,,,,,0.056346041,0.0531811167,0.053016229,0.051358625,10,0.001366417837311938,0.054725667,0.0447396708,0.0440955835,0.039790583,10,0.00404072677161357,128,1.57623125,1.3470088917,1.3327971045,1.195957292,10,0.1262806810599357,1.521505583,1.3022692209,1.2873494375,1.1537643329999998,10,0.12332997111879089,1,31584,31584,31584,31584,1,,4096,4096,4096.0,4096,10,0.0,10.0,square,1,10,n/a,independent_zkmatrix_optimized_bn254,0.334724958,0.334724958,0.334724958,0.334724958,1,,1065280,c34bd62bee6f07a879d7e4b48d8b9c17e0ca48c34e796425e2bec93ed74e6f93,112,112,112.0,112,10,0.0,0.010472583,0.0090715456,0.0088028745,0.008575166,10,0.0006362315906527191
084ae86ea1c59057a812fc93869018ef991136d2772af23746b2f511eecc5a80,329378,0.802241375,0.7636831541,0.7556349165,0.737147875,10,0.023082469143641936,official_squares_k7_k10_local,245,228.8,225.0,221,10,7.814516406449389,0.059970125,0.0568004874,0.057083125,0.053986208,10,0.001776079739396742,0.650861416,0.5502054457,0.543486479,0.498497375,10,0.0463897817256191,256,4.963755456999998,4.135834141399998,4.100111624,3.7800576249999978,10,0.3497379389247198,4.312894040999998,3.5856286956999988,3.527451020500001,3.281560249999998,10,0.31656574610658467,10,947072,855313.6,856000.0,785184,10,55059.413346352,33216,32339.2,32288.0,31744,10,508.47676664939394,1.0,square,1,10,1/2,lamp,37.36671671,34.7755951506,34.632902042,32.556172668,10,1.3641542752625309,,c34bd62bee6f07a879d7e4b48d8b9c17e0ca48c34e796425e2bec93ed74e6f93,64,64,64.0,64,10,0.0,0.168578125,0.1671739623,0.167006708,0.166365625,10,0.0006560112084796269
f62eeeec5f1fb01c13f821ab05813f6bb6dcf5b377e86f485ff44797f4e51f8c,,,,,,,,official_squares_k7_k10_local,,,,,,,0.457314209,0.4454467501,0.445067542,0.43476175,10,0.007869832850221744,0.30434075,0.1700020502,0.1458869585,0.130514125,10,0.05684235095062333,256,4.893888,4.6206937878,4.6217369585,4.352581042,10,0.18747441808802426,4.743803792,4.4506917376,4.456302708499999,4.2124464999999995,10,0.1857887158270839,1,91664,91664,91664,91664,1,,4544,4544,4544.0,4544,10,0.0,10.0,square,1,10,n/a,independent_zkmatrix_optimized_bn254,1.122376709,1.122376709,1.122376709,1.122376709,1,,4227392,c34bd62bee6f07a879d7e4b48d8b9c17e0ca48c34e796425e2bec93ed74e6f93,112,112,112.0,112,10,0.0,0.010143834,0.0096276044,0.009600667,0.00936275,10,0.0002598473624120299
084ae86ea1c59057a812fc93869018ef991136d2772af23746b2f511eecc5a80,655246,1.612590166,1.5600291873,1.5647857915,1.4985055,10,0.03922285521067621,official_squares_k7_k10_local,271,266.1,267.0,253,10,5.342700108039422,0.566036708,0.48211514580000003,0.481000021,0.426441292,10,0.04240443159760688,2.279477333,2.0745927208,2.128433604,1.7396825,10,0.19074521100624164,512,9.819224250000005,9.0707850795,8.988771749999998,8.46184645999999,10,0.45731609260564315,7.539746917000005,6.9961923587,7.0074836255,6.472302125999999,10,0.38706078106379593,10,1888640,1721718.4,1691608.0,1567600,10,100670.971019676,45120,44633.6,44768.0,43776,10,413.8886592094814,1.0,square,1,10,1/2,lamp,73.71241525,70.2135407664,69.95367597949999,66.48565079,10,2.7364106549789624,,c34bd62bee6f07a879d7e4b48d8b9c17e0ca48c34e796425e2bec93ed74e6f93,64,64,64.0,64,10,0.0,0.1859945,0.1697380999,0.1680685,0.166386375,10,0.005790334518885445
f62eeeec5f1fb01c13f821ab05813f6bb6dcf5b377e86f485ff44797f4e51f8c,,,,,,,,official_squares_k7_k10_local,,,,,,,8.18626525,6.1250891501,5.822750229,5.157656792,10,0.8570903573472195,0.568741083,0.4867538543,0.47125083349999997,0.437504459,10,0.046682617222944145,512,19.761140625,16.9260635583,17.002925541499998,14.854734416,10,1.4706153935529958,19.199590166,16.439309704,16.4796923125,14.404577957999999,10,1.435599161209021,1,345712,345712,345712,345712,1,,4992,4992,4992.0,4992,10,0.0,10.0,square,1,10,n/a,independent_zkmatrix_optimized_bn254,4.41746475,4.41746475,4.41746475,4.41746475,1,,16843072,c34bd62bee6f07a879d7e4b48d8b9c17e0ca48c34e796425e2bec93ed74e6f93,112,112,112.0,112,10,0.0,0.010807375,0.0104355167,0.010393354,0.010309125,10,0.00015848066650614887
084ae86ea1c59057a812fc93869018ef991136d2772af23746b2f511eecc5a80,1306973,3.338104875,3.2149023708,3.2145830625,3.085853583,10,0.09589248157591422,official_squares_k7_k10_local,295,288,288.0,280,10,4.371625682868,4.165565333,3.8436840625,3.8532517295,3.413846625,10,0.20494714635595507,8.423968042,7.1575808501000004,7.1508477705,6.449369042,10,0.6064267161034961,1024,24.171466374000005,22.0985931128,22.253227749999994,19.600366501000025,10,1.7447780535333914,17.722097332000004,14.941012262700001,14.913622082499998,12.512858000999998,10,1.9202665779165604,10,3652048,3349923.2,3535440.0,2409184,10,405584.34114327224,61760,60742.4,60672.0,59776,10,571.1997510114614,1.0,square,1,10,1/2,lamp,149.20510670900003,139.5203653208,138.57804829100002,135.548229499,10,3.818463507715632,,c34bd62bee6f07a879d7e4b48d8b9c17e0ca48c34e796425e2bec93ed74e6f93,64,64,64.0,64,10,0.0,0.178490333,0.17158823750000002,0.171696813,0.166896333,10,0.003158387919439499
f62eeeec5f1fb01c13f821ab05813f6bb6dcf5b377e86f485ff44797f4e51f8c,,,,,,,,official_squares_k7_k10_local,,,,,,,94.587278583,86.9504932249,92.820563979,64.557121958,10,10.24958042064038,2.408547041,1.7945731916,1.7884493959999999,1.525783167,10,0.2742866155000958,1024,71.289232834,66.599922071,68.1752704795,60.034512375,10,4.257474172043831,69.522542167,64.8053488794,66.24130214600001,58.475230542,10,4.231857658887864,1,1154016,1154016,1154016,1154016,1,,5440,5440,5440.0,5440,10,0.0,10.0,square,1,10,n/a,independent_zkmatrix_optimized_bn254,17.096638583,17.096638583,17.096638583,17.096638583,1,,67240256,c34bd62bee6f07a879d7e4b48d8b9c17e0ca48c34e796425e2bec93ed74e6f93,112,112,112.0,112,10,0.0,0.011852875,0.0112955747,0.011213312,0.010994666,10,0.00023948262332418478
